<keymap version="1" name="Default for GNOME copy" parent="Default for GNOME">
  <action id="AddToFavoritesPopup" />
  <action id="CloseContent">
    <keyboard-shortcut first-keystroke="ctrl f4" />
    <keyboard-shortcut first-keystroke="alt w" />
    <keyboard-shortcut first-keystroke="ctrl w" />
  </action>
  <action id="EditorSelectWord" />
  <action id="EmmetNextEditPoint" />
  <action id="EmmetPreviousEditPoint" />
  <action id="FindInPath">
    <keyboard-shortcut first-keystroke="shift ctrl f" />
    <keyboard-shortcut first-keystroke="shift alt f" />
  </action>
  <action id="GotoAction">
    <keyboard-shortcut first-keystroke="shift ctrl a" />
    <keyboard-shortcut first-keystroke="shift alt a" />
  </action>
  <action id="GuiDesigner.CreateListener" />
  <action id="MethodHierarchy.OverrideMethodAction" />
  <action id="NextSplitter">
    <keyboard-shortcut first-keystroke="ctrl o" />
  </action>
  <action id="NextTab">
    <keyboard-shortcut first-keystroke="alt right" />
    <keyboard-shortcut first-keystroke="shift alt close_bracket" />
  </action>
  <action id="OverrideMethods" />
  <action id="PrevSplitter">
    <keyboard-shortcut first-keystroke="shift alt o" />
  </action>
  <action id="PreviousTab">
    <keyboard-shortcut first-keystroke="alt left" />
    <keyboard-shortcut first-keystroke="shift alt open_bracket" />
  </action>
  <action id="ReopenClosedTab">
    <keyboard-shortcut first-keystroke="shift alt w" />
  </action>
  <action id="Scala.ShowImplicits">
    <keyboard-shortcut first-keystroke="shift ctrl alt equals" />
    <keyboard-shortcut first-keystroke="shift ctrl alt add" />
  </action>
  <action id="Vcs.Log.ShowAllAffected" />
  <action id="VcsHistory.ShowAllAffected" />
  <action id="tasks.close" />
</keymap>