<application>
  <component name="VimSettings">
    <state version="4" enabled="true" />
    <globalmarks />
    <filemarks>
      <file name="$USER_HOME$/anduin/stargazer/gondor/model/src/main/scala/anduin/model/flow/dealdoc/DealDocsFcdUtils.scala" timestamp="1548325284835">
        <mark key="'" line="23" column="18" />
      </file>
      <file name="$USER_HOME$/anduin/stargazer/modules/orgbilling/orgbilling.sbt" timestamp="1548327132628">
        <mark key="'" line="39" column="2" />
        <mark key="[" line="31" column="12" />
        <mark key="]" line="31" column="11" />
        <mark key="." line="31" column="11" />
        <mark key="^" line="31" column="11" />
      </file>
      <file name="$USER_HOME$/anduin/stargazer/local/local.conf" timestamp="1548323668536">
        <mark key="'" line="176" column="0" />
        <mark key="[" line="184" column="7" />
        <mark key="]" line="185" column="47" />
        <mark key="^" line="185" column="47" />
        <mark key="." line="185" column="47" />
      </file>
      <file name="$USER_HOME$/anduin/stargazer/build.sbt" timestamp="1548326771786">
        <mark key="'" line="43" column="0" />
        <mark key="[" line="323" column="12" />
        <mark key="]" line="323" column="11" />
        <mark key="^" line="323" column="11" />
        <mark key="." line="323" column="11" />
      </file>
      <file name="$USER_HOME$/anduin/stargazer/gondor/model/src/main/scala/anduin/model/flow/FlowEvent.scala" timestamp="1548325220081">
        <mark key="'" line="38" column="6" />
      </file>
      <file name="$USER_HOME$/anduin/stargazer/modules/graphql/graphql/js/src/main/scala/anduin/graphql/component/cache/LRUCache.scala" timestamp="1548319455316">
        <mark key="'" line="0" column="0" />
      </file>
      <file name="$USER_HOME$/anduin/stargazer/platform/platformPersistence/platformPersistenceSemiauto/src/main/scala/anduin/persistence/util/CodecUtils.scala" timestamp="1548322904623">
        <mark key="'" line="4" column="19" />
      </file>
      <file name="$USER_HOME$/anduin/stargazer/gondor/jvm/src/main/resources/db/migration/orgbilling/V1__Initital_OrgBillingDb.sql" timestamp="1548327751574">
        <mark key="[" line="54" column="18" />
        <mark key="]" line="54" column="24" />
        <mark key="." line="54" column="24" />
        <mark key="^" line="54" column="24" />
      </file>
    </filemarks>
    <jumps>
      <jump line="50" column="0" filename="$USER_HOME$/anduin/stargazer/project/GondorSettings.scala" />
      <jump line="45" column="0" filename="$USER_HOME$/anduin/stargazer/project/GondorSettings.scala" />
      <jump line="40" column="0" filename="$USER_HOME$/anduin/stargazer/project/GondorSettings.scala" />
      <jump line="35" column="0" filename="$USER_HOME$/anduin/stargazer/project/GondorSettings.scala" />
      <jump line="30" column="0" filename="$USER_HOME$/anduin/stargazer/project/GondorSettings.scala" />
      <jump line="24" column="0" filename="$USER_HOME$/anduin/stargazer/project/GondorSettings.scala" />
      <jump line="23" column="0" filename="$USER_HOME$/anduin/stargazer/project/GondorSettings.scala" />
      <jump line="69" column="0" filename="$USER_HOME$/anduin/stargazer/project/GondorSettings.scala" />
      <jump line="19" column="16" filename="$USER_HOME$/anduin/stargazer/modules/graphql/graphql/js/src/main/scala/anduin/graphql/component/cache/LRUCache.scala" />
      <jump line="46" column="33" filename="$USER_HOME$/anduin/stargazer/modules/graphql/graphql/js/src/main/scala/anduin/graphql/component/cache/LRUCache.scala" />
      <jump line="28" column="7" filename="$USER_HOME$/anduin/stargazer/modules/graphql/graphql/js/src/main/scala/anduin/graphql/component/cache/LRUCache.scala" />
      <jump line="45" column="46" filename="$USER_HOME$/anduin/stargazer/modules/graphql/graphql/js/src/main/scala/anduin/graphql/component/cache/LRUCache.scala" />
      <jump line="42" column="0" filename="$USER_HOME$/anduin/stargazer/modules/graphql/graphql/js/src/main/scala/anduin/graphql/component/cache/LRUCache.scala" />
      <jump line="40" column="0" filename="$USER_HOME$/anduin/stargazer/modules/graphql/graphql/js/src/main/scala/anduin/graphql/component/cache/LRUCache.scala" />
      <jump line="36" column="0" filename="$USER_HOME$/anduin/stargazer/modules/graphql/graphql/js/src/main/scala/anduin/graphql/component/cache/LRUCache.scala" />
      <jump line="27" column="0" filename="$USER_HOME$/anduin/stargazer/modules/graphql/graphql/js/src/main/scala/anduin/graphql/component/cache/LRUCache.scala" />
      <jump line="10" column="0" filename="$USER_HOME$/anduin/stargazer/modules/graphql/graphql/js/src/main/scala/anduin/graphql/component/cache/LRUCache.scala" />
      <jump line="7" column="0" filename="$USER_HOME$/anduin/stargazer/modules/graphql/graphql/js/src/main/scala/anduin/graphql/component/cache/LRUCache.scala" />
      <jump line="5" column="0" filename="$USER_HOME$/anduin/stargazer/modules/graphql/graphql/js/src/main/scala/anduin/graphql/component/cache/LRUCache.scala" />
      <jump line="3" column="0" filename="$USER_HOME$/anduin/stargazer/modules/graphql/graphql/js/src/main/scala/anduin/graphql/component/cache/LRUCache.scala" />
      <jump line="1" column="0" filename="$USER_HOME$/anduin/stargazer/modules/graphql/graphql/js/src/main/scala/anduin/graphql/component/cache/LRUCache.scala" />
      <jump line="0" column="0" filename="$USER_HOME$/anduin/stargazer/modules/graphql/graphql/js/src/main/scala/anduin/graphql/component/cache/LRUCache.scala" />
      <jump line="7" column="16" filename="$USER_HOME$/anduin/stargazer/platform/platformPersistence/platformPersistenceSemiauto/src/main/scala/anduin/persistence/util/CodecUtils.scala" />
      <jump line="4" column="19" filename="$USER_HOME$/anduin/stargazer/platform/platformPersistence/platformPersistenceSemiauto/src/main/scala/anduin/persistence/util/CodecUtils.scala" />
      <jump line="0" column="0" filename="$USER_HOME$/anduin/stargazer/local/local.conf" />
      <jump line="8" column="0" filename="$USER_HOME$/anduin/stargazer/local/local.conf" />
      <jump line="14" column="0" filename="$USER_HOME$/anduin/stargazer/local/local.conf" />
      <jump line="24" column="0" filename="$USER_HOME$/anduin/stargazer/local/local.conf" />
      <jump line="57" column="0" filename="$USER_HOME$/anduin/stargazer/local/local.conf" />
      <jump line="72" column="0" filename="$USER_HOME$/anduin/stargazer/local/local.conf" />
      <jump line="85" column="0" filename="$USER_HOME$/anduin/stargazer/local/local.conf" />
      <jump line="96" column="0" filename="$USER_HOME$/anduin/stargazer/local/local.conf" />
      <jump line="120" column="0" filename="$USER_HOME$/anduin/stargazer/local/local.conf" />
      <jump line="127" column="0" filename="$USER_HOME$/anduin/stargazer/local/local.conf" />
      <jump line="132" column="0" filename="$USER_HOME$/anduin/stargazer/local/local.conf" />
      <jump line="142" column="0" filename="$USER_HOME$/anduin/stargazer/local/local.conf" />
      <jump line="147" column="0" filename="$USER_HOME$/anduin/stargazer/local/local.conf" />
      <jump line="152" column="0" filename="$USER_HOME$/anduin/stargazer/local/local.conf" />
      <jump line="158" column="0" filename="$USER_HOME$/anduin/stargazer/local/local.conf" />
      <jump line="163" column="0" filename="$USER_HOME$/anduin/stargazer/local/local.conf" />
      <jump line="171" column="0" filename="$USER_HOME$/anduin/stargazer/local/local.conf" />
      <jump line="214" column="0" filename="$USER_HOME$/anduin/stargazer/local/local.conf" />
      <jump line="210" column="0" filename="$USER_HOME$/anduin/stargazer/local/local.conf" />
      <jump line="207" column="0" filename="$USER_HOME$/anduin/stargazer/local/local.conf" />
      <jump line="201" column="0" filename="$USER_HOME$/anduin/stargazer/local/local.conf" />
      <jump line="196" column="0" filename="$USER_HOME$/anduin/stargazer/local/local.conf" />
      <jump line="186" column="0" filename="$USER_HOME$/anduin/stargazer/local/local.conf" />
      <jump line="176" column="0" filename="$USER_HOME$/anduin/stargazer/local/local.conf" />
      <jump line="11" column="6" filename="$USER_HOME$/anduin/stargazer/gondor/model/src/main/scala/anduin/model/flow/FlowEvent.scala" />
      <jump line="19" column="13" filename="$USER_HOME$/anduin/stargazer/gondor/model/src/main/scala/anduin/model/flow/FlowEvent.scala" />
      <jump line="28" column="13" filename="$USER_HOME$/anduin/stargazer/gondor/model/src/main/scala/anduin/model/flow/FlowEvent.scala" />
      <jump line="33" column="13" filename="$USER_HOME$/anduin/stargazer/gondor/model/src/main/scala/anduin/model/flow/FlowEvent.scala" />
      <jump line="38" column="6" filename="$USER_HOME$/anduin/stargazer/gondor/model/src/main/scala/anduin/model/flow/FlowEvent.scala" />
      <jump line="23" column="18" filename="$USER_HOME$/anduin/stargazer/gondor/model/src/main/scala/anduin/model/flow/dealdoc/DealDocsFcdUtils.scala" />
      <jump line="0" column="0" filename="$USER_HOME$/anduin/stargazer/build.sbt" />
      <jump line="9" column="22" filename="$USER_HOME$/anduin/stargazer/build.sbt" />
      <jump line="2" column="7" filename="$USER_HOME$/anduin/stargazer/build.sbt" />
      <jump line="22" column="25" filename="$USER_HOME$/anduin/stargazer/build.sbt" />
      <jump line="19" column="0" filename="$USER_HOME$/anduin/stargazer/build.sbt" />
      <jump line="21" column="0" filename="$USER_HOME$/anduin/stargazer/build.sbt" />
      <jump line="43" column="0" filename="$USER_HOME$/anduin/stargazer/build.sbt" />
      <jump line="29" column="11" filename="$USER_HOME$/anduin/stargazer/modules/orgbilling/orgbilling.sbt" />
      <jump line="62" column="50" filename="$USER_HOME$/anduin/stargazer/modules/orgbilling/orgbilling.sbt" />
      <jump line="58" column="11" filename="$USER_HOME$/anduin/stargazer/modules/orgbilling/orgbilling.sbt" />
      <jump line="60" column="11" filename="$USER_HOME$/anduin/stargazer/modules/orgbilling/orgbilling.sbt" />
      <jump line="6" column="0" filename="$USER_HOME$/anduin/stargazer/modules/orgbilling/orgbilling.sbt" />
      <jump line="4" column="0" filename="$USER_HOME$/anduin/stargazer/modules/orgbilling/orgbilling.sbt" />
      <jump line="1" column="0" filename="$USER_HOME$/anduin/stargazer/modules/orgbilling/orgbilling.sbt" />
      <jump line="0" column="0" filename="$USER_HOME$/anduin/stargazer/modules/orgbilling/orgbilling.sbt" />
      <jump line="34" column="15" filename="$USER_HOME$/anduin/stargazer/modules/orgbilling/orgbilling.sbt" />
      <jump line="64" column="0" filename="$USER_HOME$/anduin/stargazer/modules/orgbilling/orgbilling.sbt" />
      <jump line="63" column="0" filename="$USER_HOME$/anduin/stargazer/modules/orgbilling/orgbilling.sbt" />
      <jump line="59" column="0" filename="$USER_HOME$/anduin/stargazer/modules/orgbilling/orgbilling.sbt" />
      <jump line="56" column="0" filename="$USER_HOME$/anduin/stargazer/modules/orgbilling/orgbilling.sbt" />
      <jump line="30" column="0" filename="$USER_HOME$/anduin/stargazer/modules/orgbilling/orgbilling.sbt" />
      <jump line="27" column="0" filename="$USER_HOME$/anduin/stargazer/modules/orgbilling/orgbilling.sbt" />
      <jump line="39" column="2" filename="$USER_HOME$/anduin/stargazer/modules/orgbilling/orgbilling.sbt" />
    </jumps>
    <registers>
      <register name="1" type="2">
        <text encoding="base64">Q1JFQVRFIFRBQkxFIElGIE5PVCBFWElTVFMgRW50aXR5ICgK</text>
      </register>
      <register name="&quot;" type="4">
        <text>varchar</text>
      </register>
      <register name="2" type="2">
        <text encoding="base64">Cg==</text>
      </register>
      <register name="3" type="2">
        <text encoding="base64">ICAgICAgICAgICAgICAgKQo=</text>
      </register>
      <register name="4" type="2">
        <text encoding="base64">ICAK</text>
      </register>
      <register name="5" type="2">
        <text encoding="base64">Y2FzZSBjbGFzcyBUZXN0KAo=</text>
      </register>
      <register name=":" type="4">
        <text>w</text>
      </register>
      <register name="-" type="4">
        <text>varchar</text>
      </register>
    </registers>
    <search>
      <last-dir>0</last-dir>
      <show-last>false</show-last>
    </search>
    <history>
      <history-search />
      <history-cmd>
        <entry>W</entry>
        <entry>R</entry>
        <entry>w</entry>
      </history-cmd>
      <history-expr />
      <history-input />
    </history>
    <shortcut-conflicts>
      <shortcut-conflict owner="ide">
        <text>ctrl pressed A</text>
      </shortcut-conflict>
      <shortcut-conflict owner="ide">
        <text>ctrl pressed V</text>
      </shortcut-conflict>
      <shortcut-conflict owner="ide">
        <text>ctrl pressed B</text>
      </shortcut-conflict>
      <shortcut-conflict owner="ide">
        <text>ctrl pressed W</text>
      </shortcut-conflict>
      <shortcut-conflict owner="ide">
        <text>ctrl pressed C</text>
      </shortcut-conflict>
      <shortcut-conflict owner="ide">
        <text>ctrl pressed P</text>
      </shortcut-conflict>
      <shortcut-conflict owner="ide">
        <text>ctrl pressed OPEN_BRACKET</text>
      </shortcut-conflict>
      <shortcut-conflict owner="ide">
        <text>ctrl pressed CLOSE_BRACKET</text>
      </shortcut-conflict>
      <shortcut-conflict owner="ide">
        <text>ctrl pressed S</text>
      </shortcut-conflict>
      <shortcut-conflict owner="vim">
        <text>ctrl pressed T</text>
      </shortcut-conflict>
      <shortcut-conflict owner="ide">
        <text>ctrl pressed R</text>
      </shortcut-conflict>
      <shortcut-conflict owner="ide">
        <text>ctrl pressed F</text>
      </shortcut-conflict>
    </shortcut-conflicts>
  </component>
</application>